{"cameraMode":{"drawMode":0,"name":"Shaded","section":"Shading Mode"},"sceneLighting":true,"audioPlay":false,"sceneViewState":{"m_AlwaysRefresh":false,"showFog":true,"showSkybox":true,"showFlares":true,"showImageEffects":true,"showParticleSystems":true,"showVisualEffectGraphs":true,"m_FxEnabled":true},"in2DMode":false,"pivot":{"x":-0.3397369682788849,"y":2.740812063217163,"z":0.35443779826164248},"rotation":{"x":-0.2957654297351837,"y":-0.017153039574623109,"z":0.005308936815708876,"w":-0.9550861716270447},"size":0.9402035474777222,"orthographic":false}